{
  "version": 1,
  "author": "Ritika Anand",
  "editor": "wokwi",
  "parts": [
    {
      "type": "board-esp32-devkit-c-v4",
      "id": "esp",
      "top": -470.4,
      "left": -1185.56,
      "attrs": {}
    },
    {
      "type": "wokwi-dht22",
      "id": "dht1",
      "top": -642.9,
      "left": -859.8,
      "attrs": { "humidity": "0", "temperature": "-21.9" }
    },
    {
      "type": "wokwi-buzzer",
      "id": "bz1",
      "top": -669.6,
      "left": -1179,
      "attrs": { "volume": "0.1" }
    }
  ],
  "connections": [
    [ "esp:TX", "$serialMonitor:RX", "", [] ],
    [ "esp:RX", "$serialMonitor:TX", "", [] ],
    [ "dht1:VCC", "esp:3V3", "red", [ "v0" ] ],
    [ "dht1:GND", "esp:GND.2", "black", [ "v38.4", "h-153.6", "v-153.6" ] ],
    [ "bz1:1", "esp:GND.2", "black", [ "h28.8", "v57.6" ] ],
    [ "bz1:2", "esp:TX", "red", [ "v0" ] ],
    [ "dht1:SDA", "esp:4", "green", [ "v0" ] ]
  ],
  "dependencies": {}
}